[
  [
    { "dia": 0, "hora": "09:00", "cliente_num": 1, "vehiculo_idx": 0, "telefono_idx": 0, "servicio": "Cambio de aceite" },
    { "dia": 0, "hora": "10:30", "cliente_num": 2, "vehiculo_idx": 0, "telefono_idx": 0, "servicio": "Pastillas de freno" },
    { "dia": 0, "hora": "12:00", "cliente_num": null, "vehiculo_idx": 0, "telefono_idx": 0, "servicio": "" },
    { "dia": 0, "hora": "16:00", "cliente_num": 1, "vehiculo_idx": 1, "telefono_idx": 1, "servicio": "ITV" },
    { "dia": 0, "hora": "17:30", "cliente_num": null, "vehiculo_idx": 0, "telefono_idx": 0, "servicio": "" },
    { "dia": 1, "hora": "09:00", "cliente_num": 3, "vehiculo_idx": 0, "telefono_idx": 0, "servicio": "Neumáticos" },
    { "dia": 1, "hora": "10:30", "cliente_num": null, "vehiculo_idx": 0, "telefono_idx": 0, "servicio": "" },
    { "dia": 1, "hora": "12:00", "cliente_num": 4, "vehiculo_idx": 0, "telefono_idx": 0, "servicio": "Diagnóstico motor" },
    { "dia": 1, "hora": "16:00", "cliente_num": 5, "vehiculo_idx": 0, "telefono_idx": 0, "servicio": "Batería" },
    { "dia": 1, "hora": "17:30", "cliente_num": null, "vehiculo_idx": 0, "telefono_idx": 0, "servicio": "" },
    { "dia": 2, "hora": "09:00", "cliente_num": null, "vehiculo_idx": 0, "telefono_idx": 0, "servicio": "" },
    { "dia": 2, "hora": "10:30", "cliente_num": 6, "vehiculo_idx": 1, "telefono_idx": 1, "servicio": "Revisión" },
    { "dia": 2, "hora": "12:00", "cliente_num": null, "vehiculo_idx": 0, "telefono_idx": 0, "servicio": "" },
    { "dia": 2, "hora": "16:00", "cliente_num": 7, "vehiculo_idx": 0, "telefono_idx": 0, "servicio": "Diagnóstico ruido" },
    { "dia": 2, "hora": "17:30", "cliente_num": null, "vehiculo_idx": 0, "telefono_idx": 0, "servicio": "" },
    { "dia": 3, "hora": "09:00", "cliente_num": null, "vehiculo_idx": 0, "telefono_idx": 0, "servicio": "" },
    { "dia": 3, "hora": "10:30", "cliente_num": 2, "vehiculo_idx": 0, "telefono_idx": 0, "servicio": "Revisión completa" },
    { "dia": 3, "hora": "12:00", "cliente_num": null, "vehiculo_idx": 0, "telefono_idx": 0, "servicio": "" },
    { "dia": 3, "hora": "16:00", "cliente_num": 1, "vehiculo_idx": 1, "telefono_idx": 1, "servicio": "Frenos traseros" },
    { "dia": 3, "hora": "17:30", "cliente_num": null, "vehiculo_idx": 0, "telefono_idx": 0, "servicio": "" },
    { "dia": 4, "hora": "09:00", "cliente_num": null, "vehiculo_idx": 0, "telefono_idx": 0, "servicio": "" },
    { "dia": 4, "hora": "10:30", "cliente_num": 4, "vehiculo_idx": 0, "telefono_idx": 0, "servicio": "Aire acondicionado" },
    { "dia": 4, "hora": "12:00", "cliente_num": 3, "vehiculo_idx": 0, "telefono_idx": 0, "servicio": "Cambio de ruedas" },
    { "dia": 4, "hora": "16:00", "cliente_num": 5, "vehiculo_idx": 0, "telefono_idx": 0, "servicio": "Diagnóstico general" },
    { "dia": 4, "hora": "17:30", "cliente_num": null, "vehiculo_idx": 0, "telefono_idx": 0, "servicio": "" },
    { "dia": 5, "hora": "09:00", "cliente_num": null, "vehiculo_idx": 0, "telefono_idx": 0, "servicio": "" },
    { "dia": 5, "hora": "10:30", "cliente_num": 6, "vehiculo_idx": 0, "telefono_idx": 0, "servicio": "Revisión ITV" },
    { "dia": 5, "hora": "12:00", "cliente_num": null, "vehiculo_idx": 0, "telefono_idx": 0, "servicio": "" },
    { "dia": 5, "hora": "16:00", "cliente_num": 2, "vehiculo_idx": 0, "telefono_idx": 0, "servicio": "Aceite y filtro" },
    { "dia": 5, "hora": "17:30", "cliente_num": null, "vehiculo_idx": 0, "telefono_idx": 0, "servicio": "" },
    { "dia": 6, "hora": "09:00", "cliente_num": 7, "vehiculo_idx": 0, "telefono_idx": 0, "servicio": "Embrague" },
    { "dia": 6, "hora": "10:30", "cliente_num": null, "vehiculo_idx": 0, "telefono_idx": 0, "servicio": "" },
    { "dia": 6, "hora": "12:00", "cliente_num": 3, "vehiculo_idx": 0, "telefono_idx": 0, "servicio": "Pastillas de freno" },
    { "dia": 6, "hora": "16:00", "cliente_num": null, "vehiculo_idx": 0, "telefono_idx": 0, "servicio": "" },
    { "dia": 6, "hora": "17:30", "cliente_num": null, "vehiculo_idx": 0, "telefono_idx": 0, "servicio": "" }
  ],
  [],
  [],
  []
]
